<?xml version="1.0" encoding="UTF-8"?>
<project-private xmlns="http://www.netbeans.org/ns/project-private/1">
    <editor-bookmarks xmlns="http://www.netbeans.org/ns/editor-bookmarks/2" lastBookmarkId="0"/>
    <open-files xmlns="http://www.netbeans.org/ns/projectui-open-files/2">
        <group>
            <file>file:/C:/Users/tavoe/OneDrive/Documentos/Segundo%20Semestre/PrimerCorte/Programación/Codigos/ActividadCincoObjetos/src/actividadcincoobjetos/TercerObjeto.java</file>
            <file>file:/C:/Users/tavoe/OneDrive/Documentos/Segundo%20Semestre/PrimerCorte/Programación/Codigos/ActividadCincoObjetos/src/actividadcincoobjetos/CuartoObjeto.java</file>
            <file>file:/C:/Users/tavoe/OneDrive/Documentos/Segundo%20Semestre/PrimerCorte/Programación/Codigos/ActividadCincoObjetos/src/actividadcincoobjetos/ActividadCincoObjetos.java</file>
            <file>file:/C:/Users/tavoe/OneDrive/Documentos/Segundo%20Semestre/PrimerCorte/Programación/Codigos/ActividadCincoObjetos/src/actividadcincoobjetos/PrimerObjeto.java</file>
            <file>file:/C:/Users/tavoe/OneDrive/Documentos/Segundo%20Semestre/PrimerCorte/Programación/Codigos/ActividadCincoObjetos/src/actividadcincoobjetos/QuintoObjeto.java</file>
            <file>file:/C:/Users/tavoe/OneDrive/Documentos/Segundo%20Semestre/PrimerCorte/Programación/Codigos/ActividadCincoObjetos/src/actividadcincoobjetos/SegundoObjeto.java</file>
        </group>
    </open-files>
</project-private>
